[
  {
    "metadataOutputVersion" : "3.0",
    "outputSchema" : [
      {
        "isOptional" : "0",
        "formattedType" : "Int64",
        "type" : "Int64",
        "name" : "output",
        "shortDescription" : ""
      }
    ],
    "modelParameters" : [

    ],
    "specificationVersion" : 1,
    "isUpdatable" : "0",
    "stateSchema" : [

    ],
    "availability" : {
      "macOS" : "10.13",
      "tvOS" : "11.0",
      "visionOS" : "1.0",
      "watchOS" : "4.0",
      "iOS" : "11.0",
      "macCatalyst" : "11.0"
    },
    "modelType" : {
      "name" : "MLModelType_supportVectorClassifier"
    },
    "inputSchema" : [
      {
        "hasShapeFlexibility" : "0",
        "isOptional" : "0",
        "dataType" : "Double",
        "formattedType" : "MultiArray (Double 4096)",
        "shortDescription" : "",
        "shape" : "[4096]",
        "name" : "input",
        "type" : "MultiArray"
      }
    ],
    "classLabels" : [
      0,
      1
    ],
    "generatedClassName" : "model_svc_gray",
    "userDefinedMetadata" : {
      "com.github.apple.coremltools.version" : "8.3.0",
      "com.github.apple.coremltools.source" : "scikit-learn==1.1.1"
    },
    "method" : "predict"
  }
]